image,greenness,openness,enclosure,walkability,complexity,color_r,color_g,color_b
street_01.png,0.09275577695914267,0.09986708807769591,0.7686601237206709,0.04143074589081089,0.6086862134337457,105,104,108
street_02.png,0.24256117644469258,1.0755528341567566e-05,0.9999834677253473,0.021246879036067437,0.4994481471784292,40,40,36
street_03.png,0.19772487816742274,0.022350758207812637,0.9485336352384303,0.00820135917095911,0.5716169737345422,37,33,28
street_04.png,0.17848750910594666,0.0035998054078493135,0.9938179072468031,0.08988471505233732,0.6245103536773842,47,44,42
street_05.png,0.10898160422684947,1.2525037550062575e-06,0.9999980194301821,0.03712579444461369,0.5222556711955741,22,21,20
street_06.png,0.0940484668644906,0.0032252720079129576,0.994652459036557,0.01955832555791036,0.40811966777490594,44,40,40
street_07.png,0.0,0.01672323493461414,0.9725875518158404,0.03567942763510404,0.3892175191575794,49,48,47
street_08.png,0.0025349738231822947,0.04327953354698728,0.9184858676220863,0.012084489152242342,0.5237028011415126,42,41,41
street_09.png,0.021975894162891106,0.06225964099087395,0.9076829284494351,0.0603488272331465,0.4417919592811884,110,110,112
street_10.png,0.008560047631553097,0.10968663610175029,0.8067096270501161,0.18648712220148148,0.524095372280281,64,62,61
street_11.png,0.0,0.04605364575304455,0.9256853238679988,0.04740658959164232,0.40465916661081425,43,38,37
street_12.png,0.0,0.01139275347314855,0.9834837315892621,0.0667727864477199,0.3825976058403875,35,33,30
street_13.png,0.0004762578116100853,0.001512241298720683,0.9978178724043398,0.009803373288345109,0.3495777122212491,88,87,88
street_14.png,0.003676564699859209,0.042746310389981196,0.940269432090477,0.06491245268864869,0.3841304183667066,96,94,95
street_15.png,0.13042263880881855,0.04014745641413037,0.9398136403242612,0.04874788393886277,0.4478953431698025,35,36,37
